script,category,status,reason,lane,seconds,sha256
api-interop/doc/GmatMonte/source/ExampleCode/EnterLunarOrbit.script,supplemental,build_failed,"GmatBase Exception Thrown: The value of ""<local-path>"" for field ""OrbitSpiceKernelName"" on object ""LunarExpedition"" is not an allowed value.",native,0.97,d564748c88563ed7cb583e476cbec9f40215a322b47eea1591332b4088cc27a6
api-interop/doc/GmatMonte/source/ExampleCode/MinimalLunarTransfer.script,supplemental,build_failed,"GmatBase Exception Thrown: The value of ""LunarExpedition.bsp"" for field ""OrbitSpiceKernelName"" on object ""LunarExpedition"" is not an allowed value.",native,0.97,40f84ea157b7b039864234ed97307f65d3604be73dde122f768803884ae8b8dc
api-interop/doc/GmatMonte/source/ExampleCode/PropagateMonteLunarTransfer.script,supplemental,build_failed,"GmatBase Exception Thrown: The value of ""LunarExpedition.bsp"" for field ""OrbitSpiceKernelName"" on object ""LunarExpedition"" is not an allowed value.",native,1.07,18ce983e3eaa7dc68fc3683f1af809582e249d6e56db857cb4c16a95b0d17c29
api-interop/doc/GmatMonte/source/ExampleCode/PropagateToPerilune.script,supplemental,build_failed,"GmatBase Exception Thrown: The value of ""LunarExpedition.bsp"" for field ""OrbitSpiceKernelName"" on object ""LunarExpedition"" is not an allowed value.",native,0.92,cc278398e0f966ee6cf75f065fc39041b1d212be710703b116be138baa1928c1
api-interop/gmat-monte/datasharing/CovarianceShare/inputs/warmstartLEOSAT.script,supplemental,build_failed,"Utility Exception: Error finding relative path for file ""../Output/KalmanFilter_WarmStartEpoch.rpt"" - specified path does not exist.",native,0.97,dbdf83ffd20f90f989ceb4bead55644f2b8c387b99f82aebc3dd68c4ab59a774
api-interop/gmat-monte/datasharing/DynamicsSharing/SimpleGmatScript.script,supplemental,mission_failed,Python ModuleNotFoundError in interop force model; detail omitted by GMAT,native,3.22,1a87190fc8312457a2d1cd7638f0c28ccdcda5ee1c1792ce04f0de397d853bce
api-interop/gmat-monte/datasharing/ephemshare/LunarTransferExample/EnterLunarOrbit.script,supplemental,build_failed,"GmatBase Exception Thrown: The value of ""<local-path>"" for field ""OrbitSpiceKernelName"" on object ""LunarExpedition"" is not an allowed value.",native,0.92,d564748c88563ed7cb583e476cbec9f40215a322b47eea1591332b4088cc27a6
api-interop/gmat-monte/datasharing/ephemshare/ReadWriteBasics/readSPK.script,supplemental,build_failed,"GmatBase Exception Thrown: The value of ""traj.bsp"" for field ""OrbitSpiceKernelName"" on object ""DefaultSC"" is not an allowed value.",native,0.87,f9d8740740d659a03ed8d97d5ca85ec984155d7c7638ab137611da8603de2ac6
api-interop/gmat-monte/datasharing/mnvrshare/lunartransfer/EnterLunarOrbit.script,supplemental,build_failed,"GmatBase Exception Thrown: The value of ""<local-path>"" for field ""OrbitSpiceKernelName"" on object ""LunarExpedition"" is not an allowed value.",native,0.87,84a983cb46caf7d78f839ec76981d0c72c4d9456b9e041e80ca680dac60ba15e
api-interop/gmat-monte/datasharing/mnvrshare/lunartransfer/FinalLunarOrbit.script,supplemental,build_failed,"GmatBase Exception Thrown: The value of ""<local-path>"" for field ""OrbitSpiceKernelName"" on object ""LunarExpedition"" is not an allowed value.",native,1.02,5ad1730748d086f5c9ee56184da6997f3e9ed8cf47a2ea04bdedb76821698165
api-interop/gmat-monte/datasharing/mnvrshare/raiseApogee/RaiseApogee.script,supplemental,build_failed,"GmatBase Exception Thrown: The value of ""<local-path>"" for field ""OrbitSpiceKernelName"" on object ""DefaultSC"" is not an allowed value.",native,0.97,b0fcfeb0778395ad5ccd2bfdc69963cf16b92a9ae3cce736991d7bec2bd50a0e
application/api/Ex_R2020a_ToLuna.script,supplemental,completed,"Completed; this is a lifecycle result, not scientific validation",native,3.52,9f65716d7d57469358fda7a5b882a9f03de6abb422676e475081daaa4c926a49
application/samples/Ex_AnalyticMassProperties.script,bundled,completed,"Completed; this is a lifecycle result, not scientific validation",native,1.22,4db8aeba48d621493f8e567ff6356b461cd0fe6c18ee6604ab11ccce819069a9
application/samples/Ex_Attitude_Inertial.script,bundled,completed,"Completed; this is a lifecycle result, not scientific validation",native,3.97,a4643afed9481aed7ff48199e9245fba7b01858458f8d72d34d7299833eaa0db
application/samples/Ex_Attitude_ModifiedRodriguesParameters.script,bundled,completed,"Completed; this is a lifecycle result, not scientific validation",native,10.49,cf7aec208ad6bae1687bf2c249773f90232d9c3a472e786b85c3c00972f1dbce
application/samples/Ex_Attitude_NadirPointing.script,bundled,completed,"Completed; this is a lifecycle result, not scientific validation",native,4.17,d41fd9bf2ba41539664e3b7eb791e1e02a5d3e374cfd4c7eaf796e973fa56048
application/samples/Ex_Attitude_Spinner.script,bundled,completed,"Completed; this is a lifecycle result, not scientific validation",native,4.42,b197fb8b4551433f6e22cc2b2f23385e7e136fbe563adf203f67f188a79327fa
application/samples/Ex_Attitude_VNB.script,bundled,completed,"Completed; this is a lifecycle result, not scientific validation",native,4.67,7c7a4e02c3038e73823a549603b5636cd854554b1caef90b74a2c317e4c74a4d
application/samples/Ex_Basic3DModel.script,bundled,completed,"Completed; this is a lifecycle result, not scientific validation",native,5.98,b50c3d73bbb4aa18de75e0715147bb8279264ff15122e2f0eb1884373c2b9942
application/samples/Ex_CCSDSAEMAttitude.script,bundled,completed,"Completed; this is a lifecycle result, not scientific validation",native,3.57,6e94ac0363dc29ce2b87867077174a2b39c596dc1f8ff7b2c65e032699fefc8d
application/samples/Ex_CSSISpaceWeatherFile.script,bundled,completed,"Completed; this is a lifecycle result, not scientific validation",native,1.42,8f12e5e9947afb468ad61047919840a544704e9d211fcb4287e55a3d8d52fe13
application/samples/Ex_CommandEcho_GEOTransfer.script,bundled,completed,"Completed; this is a lifecycle result, not scientific validation",native,11.24,46ca875f07fb2a3a5f1a5c623ad5620e0f8b5247dfacf3c32b29a44cdfa86fbe
application/samples/Ex_ConstellationScript.script,bundled,completed,"Completed; this is a lifecycle result, not scientific validation",native,6.38,f2ae845025ccfbe7dad4a74bcc63f80869033593a0aa4961e9504d8625dd5c49
application/samples/Ex_Contact_Location_Station_Mask.script,bundled,completed,"Completed; this is a lifecycle result, not scientific validation",native,7.63,2037c046a488bc04adb753b0180e842288afd4ad31369e9b3374021a603597d7
application/samples/Ex_ControlFlow.script,bundled,completed,"Completed; this is a lifecycle result, not scientific validation",native,3.27,fd98ffeb06a98bcfc57fae4f42c8478aad92cca39788505c123e81e5923ed809
application/samples/Ex_CustomSegmentColors.script,bundled,completed,"Completed; this is a lifecycle result, not scientific validation",native,4.77,d7ebfaee8ae25bf57dd6e1dbf4537b0a2d2a458e04115e19279fc94cfa3c676f
application/samples/Ex_DoubleLunarSwingby.script,bundled,completed,"Completed; this is a lifecycle result, not scientific validation",native,12.04,cd8ec8f468362e4e42798c97c4eaa4f28e332554ad2892cd791e8ab71674360c
application/samples/Ex_DynamicDisplay_QuaternionPropagation.script,bundled,completed,"Completed; this is a lifecycle result, not scientific validation",native,23.77,6e00eb342602276750297640cb4a9ffae180093a2654c9dee9183592bfcaae59
application/samples/Ex_EOPFileLocationFromScript.script,bundled,completed,"Completed; this is a lifecycle result, not scientific validation",native,5.23,112cfa1f8614e2560acefd896c181f374fe31786a2a42642bc6044e2a2d68d96
application/samples/Ex_EclipseLocation.script,bundled,completed,"Completed; this is a lifecycle result, not scientific validation",native,6.73,644a6fac3544288eaee296cc637105d994d2c97add1ff158bdb1d94b6305ec3a
application/samples/Ex_ElectricPropulsion.script,bundled,completed,"Completed; this is a lifecycle result, not scientific validation",native,8.28,409e3d87c5573d1e2ff5d21e025bde61b672d152634860c0e2dd44f6671390e3
application/samples/Ex_ExternalForceModel.script,bundled,mission_failed,"Python ModuleNotFoundError; example needs GMAT Python API, which is disabled in this build",native,1.42,ad657162246ba9ff71c96e2cb101b405c842c8d526f165b9d7e8d8831a445991
application/samples/Ex_ExternalForceModel_NoAPI.script,bundled,completed,"Completed; this is a lifecycle result, not scientific validation",native,1.52,081e7e501238e1d09407fb545b46b80650461a4f92016d5ee1af5d825ff13d9f
application/samples/Ex_FileInterface.script,bundled,completed,"Completed; this is a lifecycle result, not scientific validation",native,3.52,209796d3a5b2d14dea907a00b3c84ffded70f25678d8525353cdd119c01fbc54
application/samples/Ex_FiniteBurn.script,bundled,completed,"Completed; this is a lifecycle result, not scientific validation",native,4.72,606c9ae47d5d9a4ed360f40b24ce01885874a2cfcdba85079324ab4876ded210
application/samples/Ex_FiniteBurnParameters.script,bundled,completed,"Completed; this is a lifecycle result, not scientific validation",native,3.42,e1a5b8bd9c5a63c667a6d45687f5e50fc9bdd098cb66d0bb31586ab52c19afbf
application/samples/Ex_ForceModel_ExtraShadowBodies.script,bundled,completed,"Completed; this is a lifecycle result, not scientific validation",native,3.82,45c029a78c6858e1ac2de342bf75896ff3841e4cf7edecdf8a05c4b0f92eb016
application/samples/Ex_ForceModels.script,bundled,completed,"Completed; this is a lifecycle result, not scientific validation",native,4.93,8cbd3729b1c5dc8d95f407887f90bd4d1e9832862070fffcac1a249257a9cec6
application/samples/Ex_GEOTransfer.script,bundled,completed,"Completed; this is a lifecycle result, not scientific validation",native,9.89,6d5071b24967f78b0702655ca943da4a658c7ecc4782912397f950019f54bf95
application/samples/Ex_GMATFunction_Math.script,bundled,completed,"Completed; this is a lifecycle result, not scientific validation",native,1.32,17f65e51ae92fefa5d5d4f1c7824ccfa8e8fa94150fa0a8e27e65731fff5f20b
application/samples/Ex_GMATFunction_TargetInsideFunction.script,bundled,completed,"Completed; this is a lifecycle result, not scientific validation",native,29.74,942fbe32e660c07adbc134d683e8a3085ce9e0abee6781b1f72be31695bee67a
application/samples/Ex_GMATFunction_UsingGlobalObjects.script,bundled,completed,"Completed; this is a lifecycle result, not scientific validation",native,37.76,4920d0a6b0dc7019acaa3f9aef66b5bb0b2c5ff45fca80708a499dc3d4624c22
application/samples/Ex_GivenEpochGoToTheMoon.script,bundled,completed,"Completed; this is a lifecycle result, not scientific validation",native,40.17,9caae1962aa210540d96556041de4038161877253f6b596080953f2c3aba558d
application/samples/Ex_HighFidelitySRP.script,bundled,completed,"Completed; this is a lifecycle result, not scientific validation",native,1.72,e29c33b6a4eedbd527e0492e4905565a45ebfb36d86a82c2350206606f9c07d0
application/samples/Ex_HohmannTransfer.script,bundled,completed,"Completed; this is a lifecycle result, not scientific validation",native,4.02,c7f060256b4d0d329c17b576a424d0386569956dbe778e19cc7b20f72a17b56f
application/samples/Ex_IOD.script,bundled,mission_failed,Embedded Python ImportError; standalone NumPy imports; exception detail omitted by GMAT,native,1.77,40085ca14b1c253a638b2cec1acff27f8c6ae0320763a019f6991105b4538e7b
application/samples/Ex_ImprovedTargeterAlgorithms.script,bundled,completed,"Completed; this is a lifecycle result, not scientific validation",native,6.23,73e36354e0a0dc97fa99bce2e9a0c0946e9609bde87e64a497a62458832b944e
application/samples/Ex_IncludeMacro.script,bundled,completed,"Completed; this is a lifecycle result, not scientific validation",native,4.53,d06136610bf8262fd0aae707c42bd209344ea313364125d8e898f4045105a122
application/samples/Ex_Integrators.script,bundled,completed,"Completed; this is a lifecycle result, not scientific validation",native,5.03,a15f6d80adb5dcdcc2f221f3da0baa9360109ddaef601c12516f790a673f4af2
application/samples/Ex_IntrusionLocator_Mercury_Sun_Transit.script,bundled,completed,"Completed; this is a lifecycle result, not scientific validation",native,1.82,9726d3325167a5607d6c35e998dbcf747b6c98614bd118aa580d18ae2cadced5
application/samples/Ex_L2Design.script,bundled,completed,"Completed; this is a lifecycle result, not scientific validation",native,14.91,bd3d39ea04211c078ce90bbda56efcc377b001093663b30a3adb326a3a8868fb
application/samples/Ex_LCROSSTrajectory.script,bundled,completed,"Completed; this is a lifecycle result, not scientific validation",native,19.42,44d1e3acd63319853c90aa0ca9e3bdb2b733913a3ddfdf5e3bb2a85aadedc7aa
application/samples/Ex_LEOStationKeeping.script,bundled,completed,"Completed; this is a lifecycle result, not scientific validation",native,33.8,369fccea440fa29802eae9e86ead64c5d6f27800b4db8e70280b30e80418784f
application/samples/Ex_LibrationPointStationKeeping_ESM.script,bundled,completed,"Completed; this is a lifecycle result, not scientific validation",native,20.27,b7646530b1c604b855f279a7991e49106239a65f208f53d0d1d7d3694528c23c
application/samples/Ex_LunarOrbitStationKeeping.script,bundled,completed,"Completed; this is a lifecycle result, not scientific validation",native-long,136.47,d4fa3836435efccc726cda90c9d5899fbcbd1975c006493f12a56f2176f53fe0
application/samples/Ex_LunarTransfer.script,bundled,completed,"Completed; this is a lifecycle result, not scientific validation",native,16.21,abdddc5aedcb10b561e545fb0d92035ebdde6264e525018f3c582445555bc365
application/samples/Ex_MMSSingleLunarSwingby.script,bundled,completed,"Completed; this is a lifecycle result, not scientific validation",native,12.75,7f64ba953e372c675b0e8fe95be5e2c18db6d709bd9f1b36eb086b0d689c1566
application/samples/Ex_MarsBPlane.script,bundled,completed,"Completed; this is a lifecycle result, not scientific validation",native,22.31,abc78d7b2795548723255bb89c41e6ff3e5b7a6ac0cbdd441dedd32505b61f39
application/samples/Ex_MarsExponentialAtmosphere.script,bundled,completed,"Completed; this is a lifecycle result, not scientific validation",native,8.63,7a1a6bba67e306486bcbd7bfcc9de786e72c66e87d21bf665f7ceb03964257a2
application/samples/Ex_MarsGRAM2005.script,bundled,build_failed,Unavailable MarsGRAM2005 atmosphere model,native,1.02,4e233c2f3c382152f3bb25f6fcdbb5e0f62026a85f7908378be8405e9abaa1ed
application/samples/Ex_MarsOrbit.script,bundled,completed,"Completed; this is a lifecycle result, not scientific validation",native,4.88,9cac20ecebef483d6d5ce101543cd94e72e9541d6bf0df6b0b1a399e9255f40b
application/samples/Ex_MathInScript.script,bundled,completed,"Completed; this is a lifecycle result, not scientific validation",native,5.13,4aa562dbc970c59a92e6a3f987a858be9a4cc98896e023de76d64c9b7953cce0
application/samples/Ex_MultibodySphericalHarmonicGravity.script,bundled,completed,"Completed; this is a lifecycle result, not scientific validation",native,51.37,7c7188049112a77cfea8cc912240f75315988c6892294eb047499ded7409aa16
application/samples/Ex_NadirPointingAttitude.script,bundled,completed,"Completed; this is a lifecycle result, not scientific validation",native,3.92,b374a4699641302bae3cdfc9cf4cc789f67e073c084bc845bd98777c05f927c4
application/samples/Ex_NewFunctions_GetEphemStates.script,bundled,completed,"Completed; this is a lifecycle result, not scientific validation",native,1.42,f8c843fe45fcf93cce2e535cf17b5a0d03b4a3708ef3a0da8ff516c23f725d92
application/samples/Ex_NewMathFunctions.script,bundled,completed,"Completed; this is a lifecycle result, not scientific validation",native,1.47,6ad655c41af40d1ba83ad958ca666190e52a037cad9b9c72a0ae0b68b753d11f
application/samples/Ex_NewOrbitStateReps.script,bundled,completed,"Completed; this is a lifecycle result, not scientific validation",native,1.47,39974ddf054191e74ecc2bcd5ec9602e7686193973a41004d88d3129e68135ae
application/samples/Ex_NewStringFunctions.script,bundled,completed,"Completed; this is a lifecycle result, not scientific validation",native,1.37,838ac613dd534f6ebcc3c02ffb671d8d95fa7201cb21ade8b2d59fdb69e6c196
application/samples/Ex_OEMPropagation.script,bundled,completed,"Completed; this is a lifecycle result, not scientific validation",native,13.41,41b9b5ae6814d34dddbf224ec00a0cf0b86d9b714df17b9e27238466bd78a279
application/samples/Ex_PlanetographicRegion.script,bundled,completed,"Completed; this is a lifecycle result, not scientific validation",native,3.68,f55f57d08f86eb6ec28d56b401fbb0dbb6c1ef810eeebb806af48636a1fc6d58
application/samples/Ex_PrecessingSpinnerAttitude.script,bundled,completed,"Completed; this is a lifecycle result, not scientific validation",native,9.9,a2fc4e697bf5592bd40487546cf5941bf57ab2aec8c58836527e5b83da90e59b
application/samples/Ex_Propagate_Covariance.script,bundled,completed,"Completed; this is a lifecycle result, not scientific validation",native,5.33,4f40c897813dc9aa579a6ddeabce301b3b0637eaaa22bbe9f10393a98e406ece
application/samples/Ex_Propagate_ThrustHistoryFile.script,bundled,completed,"Completed; this is a lifecycle result, not scientific validation",native,4.08,7fa362f19a5f821f7be781b6ce69f9d1091e1260905dfa87d8c46e9890c6376e
application/samples/Ex_PythonInterface.script,bundled,completed,"Completed; this is a lifecycle result, not scientific validation",native,2.12,ab219999b13dc8d873b70a15fa490cbd4210b78d4afd53b4cbbf9e0f374ce1ee
application/samples/Ex_SPICECoordinateAxes.script,bundled,completed,"Completed; this is a lifecycle result, not scientific validation",native,1.42,71270c3260f8adfebedee8fc72b6410e1a5f0e7a2cfe3d98db779ab51f0c4887
application/samples/Ex_SPICEOrbitAndAttitudePropagation.script,bundled,completed,"Completed; this is a lifecycle result, not scientific validation",native,5.28,9bf85d3af01937b25ed2f16b775ea1b1fccf38d5c3e481b6506ac9a665da111d
application/samples/Ex_STKEphemOutput.script,bundled,completed,"Completed; this is a lifecycle result, not scientific validation",native,1.37,33248fe9d577c40af6462b17326eb88668b01bcd3a10675c31cb1faf879cf430
application/samples/Ex_STKEphemPropagation.script,bundled,completed,"Completed; this is a lifecycle result, not scientific validation",native,3.92,13ada50076e7ac6a47fc5ac661dd2f5a1860df716cfe819fa975c1d5afb8494e
application/samples/Ex_SafetyEllipse.script,bundled,completed,"Completed; this is a lifecycle result, not scientific validation",native,16.6,05a7c8a1501a1d9791a05260a35d154e3df8336f9c196d6b3481a244ef93ed46
application/samples/Ex_SchattenFile_NominalCycle_Mean.script,bundled,completed,"Completed; this is a lifecycle result, not scientific validation",native,1.82,0b9739098e296049ea2f75163982dd6e8222e3ab6babeb49837bcd9c9e91a570
application/samples/Ex_SolverConvergenceParameters.script,bundled,completed,"Completed; this is a lifecycle result, not scientific validation",native,4.93,7e09970b225a750d9e68f12fc613cfc422d1285472c2ea3de67b37332acd9758
application/samples/Ex_StationContactLocator.script,bundled,completed,"Completed; this is a lifecycle result, not scientific validation",native,6.93,37c7294698bc1a13cba298840373df7c2393676cf8464c637fc60db91d5ea735
application/samples/Ex_TLE_Propagation.script,bundled,completed,"Completed; this is a lifecycle result, not scientific validation",native,1.42,4c19641d289a2614e2636dbc308cbac425a2f512b01f9a66225eada07d3bc3bb
application/samples/Ex_TargetFiniteBurn_CenterPeriapsisDuration.script,bundled,completed,"Completed; this is a lifecycle result, not scientific validation",native,9.33,edae685586e81ad2f39da82fe1e6e774b93329a6db257cf651c7f5548342e791
application/samples/Ex_TargetFiniteBurn_CenterPeriapsisTA.script,bundled,completed,"Completed; this is a lifecycle result, not scientific validation",native,9.78,cc87f35c6055140ae2e85b84c73a0ba0b49523066414d76aed17d95a27b854b1
application/samples/Ex_TargetStatusWindow.script,bundled,completed,"Completed; this is a lifecycle result, not scientific validation",native,9.54,e3ab6bcc9b11e5814aadba0fb155904f71e0fce5987565eae9025f0fb1f2bb78
application/samples/Ex_ThrusterWithMultipleTanks.script,bundled,completed,"Completed; this is a lifecycle result, not scientific validation",native,3.52,3f6651de8162698af47b00dd4292ff5c6bd73b91b0afa5b713216aa2f864596d
application/samples/Ex_WriteCommand.script,bundled,completed,"Completed; this is a lifecycle result, not scientific validation",native,1.32,18e9b43040fe1219f5e296662d559a24fcc981cb46fbc51879ba484ab61c71bc
application/samples/Ex_Yukon_AlgebraicOptimization.script,bundled,completed,"Completed; this is a lifecycle result, not scientific validation",native,2.12,76e694ef89bb9b889be11612efe7c5e96a57f30d28a95f8c22c7c06f8390e087
application/samples/Ex_Yukon_MarsLaunchWindowAnalysis.script,bundled,completed,"Completed; this is a lifecycle result, not scientific validation",native-long,229.09,3984cb7eb63453b4b08afd4f4d9cf46b94d72b77ba62553ae7d4a4f359797cb1
application/samples/Navigation/Ex_CompareEphemeris.script,bundled,completed,"Completed; this is a lifecycle result, not scientific validation",native,4.27,ddbe40f71a34507b86bbc667992cc8142ba5480527d139bfd0926615b54b4c85
application/samples/Navigation/Ex_Estimate_AngleData.script,bundled,completed,"Completed; this is a lifecycle result, not scientific validation",native,14.7,4b2133f9d0f8b2d2aeacf81046292122521b9fb359e649a12a25016771b23e08
application/samples/Navigation/Ex_Estimate_BRTSTracking.script,bundled,completed,"Completed; this is a lifecycle result, not scientific validation",native,46.0,0629d032facb3223dc70f67ddda1ec34336c2f770ceb9fed292520fb4344699c
application/samples/Navigation/Ex_Estimate_NPlateSRP_AreaCoefficient.script,bundled,completed,"Completed; this is a lifecycle result, not scientific validation",native,62.88,ded1e889f57ec4a047b5d444855eab6472f025fa9d00742f8f595dd7dcea0656
application/samples/Navigation/Ex_Estimate_RangeRangeRate.script,bundled,completed,"Completed; this is a lifecycle result, not scientific validation",native,37.2,718dc96862fe5cbe634921ec557a7074271554ff5c36c908e179a57272437444
application/samples/Navigation/Ex_Estimate_RangeSkin.script,bundled,completed,"Completed; this is a lifecycle result, not scientific validation",native,7.18,c2191e1d28916a36a33f789afc8fd97866d02445ba2a3647961ad9fa45fc92a7
application/samples/Navigation/Ex_Estimate_SPADDragScaleFactor.script,bundled,completed,"Completed; this is a lifecycle result, not scientific validation",native-long,149.84,b7bc1e3533671b79326d1e3a8031159f216703e770ddbce1b0da5e94138b1422
application/samples/Navigation/Ex_Estimate_SPADSRPScaleFactor.script,bundled,completed,"Completed; this is a lifecycle result, not scientific validation",native,56.79,7bb77fda288c845fb975e96af268a2b4531daaaeec930cc5d59d29d07a5236b6
application/samples/Navigation/Ex_Estimate_TDRSAndUser.script,bundled,completed,"Completed; this is a lifecycle result, not scientific validation",native-long,144.33,c3b327fc56f1a39b59f91a8d6f0d9d93218ec6639546941ed89f6be9b87c2e78
application/samples/Navigation/Ex_Estimate_TDRSOneWayReturnDoppler.script,bundled,completed,"Completed; this is a lifecycle result, not scientific validation",native,65.54,b0dcdff9a31af12a2d6e9c1622a4124f4d00ac4899fa1e0ad9ff406828cab398
application/samples/Navigation/Ex_Estimate_TDRSUserTracking.script,bundled,completed,"Completed; this is a lifecycle result, not scientific validation",native-long,112.11,c64d0744ca89f72b11679fb56b003841ce2bce9d9c79454c8771438c7f6322cf
application/samples/Navigation/Ex_Estimate_ThrustAngles.script,bundled,completed,"Completed; this is a lifecycle result, not scientific validation",native,13.76,b9b60800eda724fd667aaa5af08fe63147c3b6e34e0dfac9a0570e5b893a3fc2
application/samples/Navigation/Ex_Estimate_ThrustScaleFactor.script,bundled,completed,"Completed; this is a lifecycle result, not scientific validation",native,31.55,0c5da05dba33b2697fcf256908fcb1c185f6aad4680fbe85cfcba5481668da81
application/samples/Navigation/Ex_Estimate_With_Initial_OrbitErrorCovariance.script,bundled,completed,"Completed; this is a lifecycle result, not scientific validation",native,7.38,27b3c0f6d92058b7e4c6c92d39359b66cc623c427df6cd76fc36f806117c6f75
application/samples/Navigation/Ex_FilterSmoother_GpsPosVec.script,bundled,completed,"Completed; this is a lifecycle result, not scientific validation",native,8.99,5092eba298d749279fea533cb008b94967fe4abfc799a592d7dfed2ae38e0be1
application/samples/Navigation/Ex_MultiSpacecraft_Simultaneous_BatchEstimation.script,bundled,completed,"Completed; this is a lifecycle result, not scientific validation",native,31.69,4b3a544505dc5672948484b5e7806f05e424ba664fe43ef53c00c904aaaa2f80
application/samples/Navigation/Ex_OEM_EphemerisCompare.script,bundled,completed,"Completed; this is a lifecycle result, not scientific validation",native,1.47,cbe09fd79e4b8951b898d743bf97b0ec09be5bb22daac5ba3520e82d015afd18
application/samples/Navigation/Ex_SGP4ToHighFidelity.script,bundled,completed,"Completed; this is a lifecycle result, not scientific validation",native,1.92,c75c125cefa780858bb872281823caf25a9d7e50843569c8dd1009608127a297
application/samples/Navigation/Ex_Second_Level_Data_Editing.script,bundled,completed,"Completed; this is a lifecycle result, not scientific validation",native,8.49,d5cdfc0973932d090515ae40e477469be1bbc513c03866a648ce2a8bf287803b
application/samples/Navigation/Ex_Simulate_And_Estimate_OEMPropagator.script,bundled,completed,"Completed; this is a lifecycle result, not scientific validation",native,27.89,2500810e9e5efa8bac0d655eb0094efcd9cda9c50d601282ad2fe9e20c51bcc6
application/samples/Navigation/Ex_Simulate_and_Process_GpsPosVec_data.script,bundled,completed,"Completed; this is a lifecycle result, not scientific validation",native,3.37,6a2fe69014006b6b55935a821f79927429ee9d6c550a147c53214f0cbbb6e3bc
application/samples/Navigation/Ex_Simulate_and_Process_Range_and_RangeRate_data.script,bundled,completed,"Completed; this is a lifecycle result, not scientific validation",native,42.1,dddae752ec7968a53f15c27af74f5e3d3a81a48a63261003cb55eda4479737e6
application/samples/Navigation/Simulate_DSN_Range_then_Estimate_CartesianState_and_Cr.script,bundled,completed,"Completed; this is a lifecycle result, not scientific validation",native,34.17,b433904ee1a6caca069d818578199bdbf24321603c479920a6ef9738c1245441
application/samples/NeedMatlab/Ex_CallMatlabFunctions.script,bundled,build_failed,Unavailable MATLAB integration,native,0.77,6af1e1524faa4b35d38cc266264eb5d7fa9ea10f16226a17374467bfab24045f
application/samples/NeedMatlab/Ex_MatlabEnv.script,bundled,build_failed,Unavailable MATLAB integration,native,0.72,16e3609c5f501a2a10c22bc5ee2c67eae584b3d5ced1bfc5141e96fefb201ac0
application/samples/NeedSNOPT/Ex_AlgebraicOptimization.script,bundled,build_failed,Unavailable SNOPT optimizer,native,0.72,0d7cf59d8cf373414488d111f2df2c9382a9c0954923d38b7f7ff9667845c6aa
application/samples/NeedSNOPT/Ex_MinFuelLunarTransfer.script,bundled,build_failed,Unavailable SNOPT optimizer,native,0.82,499bcec4c749b0f37afe6264a3257e7d42a83bd97787fddec706361f40c75e91
application/samples/NeedSNOPT/Ex_OptFiniteBurn.script,bundled,build_failed,Unavailable SNOPT optimizer,native,0.77,4e8c0eb1e965360b4da79e4dc697940904b271b26f3cb5455a3b8ea6bf41c6fd
application/samples/NeedVF13ad/Ex_AlgebraicOptimization.script,bundled,build_failed,Unavailable VF13ad optimizer,native,0.77,f7f071eccdc55fdebca308c02d3446f0042bccc62afa9652535adf0253e9aea7
application/samples/NeedVF13ad/Ex_LunarCubeSatWithElectricPropulsion.script,bundled,build_failed,Unavailable VF13ad optimizer,native,0.82,625c64fc1d93938c33ccfdeac5a179f6ce9fce6a087ede08c081c331be9853f4
application/samples/NeedVF13ad/Ex_MarsLaunchWindowAnalysis.script,bundled,build_failed,Unavailable VF13ad optimizer,native,0.82,7dc7e8bf90d13c9588cc06b42a5ad5ab2f4b03f996893ae8e1a440aca62d0cd8
application/samples/NeedVF13ad/Ex_MarsPatchConic.script,bundled,build_failed,Unavailable VF13ad optimizer,native,0.77,eb8eb564d2d141ceab189454831d68788fda72d7a7bbb4c329af1c9f51b585a0
application/samples/NeedVF13ad/Ex_MinFuelLunarTransfer.script,bundled,build_failed,Unavailable VF13ad optimizer,native,0.82,48ef435544ad754a6b7cc633df07dbaf3433e64b9fbd273ff1d2a81dd4adae65
application/samples/NeedVF13ad/Ex_MonitoredLunarTransfer.script,bundled,build_failed,Unavailable VF13ad optimizer,native,0.77,20f0407a64656d2a236577e25dff8cd94ee10cf9e60dadc84984a83f6211b028
application/samples/NeedVF13ad/Ex_OptimalLCROSSTrajectory.script,bundled,build_failed,Unavailable VF13ad optimizer,native,0.87,73dd2b6a7ca0d514c08f3c21bff7350fd1ce712f71224dc2b105374d531557b4
application/samples/NeedVF13ad/Ex_OptimalLunarApsidesRotation_2Burn.script,bundled,build_failed,Unavailable VF13ad optimizer,native,0.82,285498aad597581ce50564ec0a2c3283c92f94532b9c672231bdfbc6bfc24f65
application/samples/NeedVF13ad/Tut_MultipleShootingTutorial_Step1.script,bundled,build_failed,Unavailable VF13ad optimizer,native,0.77,52583eea78d3a2c305c19e865270448fe2254d00eb56f6237456a343bd93b6f8
application/samples/NeedVF13ad/Tut_MultipleShootingTutorial_Step2.script,bundled,build_failed,Unavailable VF13ad optimizer,native,0.82,58e77eb3a7085867d1705ddbb37c7d7ed294e8ea0ad0f7ce33c26c74e32d22d1
application/samples/NeedVF13ad/Tut_MultipleShootingTutorial_Step3.script,bundled,build_failed,Unavailable VF13ad optimizer,native,0.82,e6926078df5c45848222fb14d32213f628ff2573c771bc80ecf0a6a0a816dd01
application/samples/NeedVF13ad/Tut_MultipleShootingTutorial_Step4.script,bundled,build_failed,Unavailable VF13ad optimizer,native,0.77,ea10ed896f5bb561cd564e522303ebb3cf273757eba997af31cb4e1231d73233
application/samples/NeedVF13ad/Tut_MultipleShootingTutorial_Step5.script,bundled,build_failed,Unavailable VF13ad optimizer,native,0.77,134f95e7c1e8a7fbd8aae47a338457b42676cf97806dc1c17dca07482939a409
application/samples/OptimalControl/Ex_CelestialBodyRendezvous_Mars.script,bundled,build_failed,Unavailable optional optimal-control factories; inspect log for all requirements,native,0.82,461518e558fa045f2b5dda42f30ae1e3e921017180b22c768d2cb40baecceafd
application/samples/OptimalControl/Ex_EMTGSpacecraft_SCOpt_BusPowerType0.script,bundled,build_failed,Unavailable optional optimal-control factories; inspect log for all requirements,native,0.77,4ad6197f43c08ac1db35adde5c9508cf491b8847ea5f7c5a5caecc2fd3523ae6
application/samples/OptimalControl/Ex_EMTGSpacecraft_SCOpt_PowerSupplyCurve1.script,bundled,build_failed,Unavailable optional optimal-control factories; inspect log for all requirements,native,0.77,88bdffaae0a41d4aad1d17f4809f5930b53829e2da5c7167649c3fce55b345f6
application/samples/OptimalControl/Ex_EMTGSpacecraft_SCOpt_ThrustType1.script,bundled,build_failed,Unavailable optional optimal-control factories; inspect log for all requirements,native,0.77,30e81f1bb7554fdd22bd6608baa52f270afea20926ac6022edb0b08e2e2c1abc
application/samples/OptimalControl/Ex_EarthToMarsSOI_C3Eq0_CSALTTutorial.script,bundled,build_failed,Unavailable optional optimal-control factories; inspect log for all requirements,native,0.77,d5ebc02790a795e3eb46742db55984c9a6c0937c125d8542598b8c5d41f012ed
application/samples/OptimalControl/Ex_IntegratedFlyby_MarsFlyby.script,bundled,build_failed,Unavailable optional optimal-control factories; inspect log for all requirements,native,0.82,d76d9ce9573966d0a5c653c9fdc66b5317dea4fb3284f1b1b683572045fe7776
application/samples/OptimalControl/Ex_OCPropTest_GEO_4x4.script,bundled,build_failed,Unavailable optional optimal-control factories; inspect log for all requirements,native,0.82,cfabf70f83e6f85d986139b95771de71ddf3dd9448d8e7e0755297b2914c986d
application/samples/OptimalControl/Ex_PCLaunch_ConstrainedC3AndDLA_EarthLaunch_EarthOrigin.script,bundled,build_failed,Unavailable optional optimal-control factories; inspect log for all requirements,native,0.77,fa7bd2f42e8722eae55188c5949b2a32b35baf442a50b0b663ccf1234821125e
application/samples/OptimalControl/Ex_Phase_Type_ImplicitRKOrder6.script,bundled,build_failed,Unavailable optional optimal-control factories; inspect log for all requirements,native,0.72,1dfb32ff7304d1779251e739bb30e90109ee9e6291db7b56a4e4e11fae1954dc
application/samples/SupportFiles/Ex_EphemerisCompareGeneric.script,bundled,build_failed,Support fragment requires objects from its parent mission,native,0.82,f92b0ac232dada6327e18770dccff27682c1984c264e92453adcfca5359956ab
application/samples/SupportFiles/Ex_IncludeFile.script,bundled,completed,"Completed; this is a lifecycle result, not scientific validation",native,1.22,52aeea9ba55789629e2be4255368814144f9b555c66125b77cc6419228a4fa1e
application/samples/Tut_ElectricPropulsionModelling.script,bundled,completed,"Completed; this is a lifecycle result, not scientific validation",native,9.49,63fc2633b1fa713397171a58d758da7e288fe133ede7df3a9a7bb8988a14c317
application/samples/Tut_Inter_Spacecraft_Tracking.script,bundled,completed,"Completed; this is a lifecycle result, not scientific validation",native,8.28,2481886eb33bc7d248978a97138fbf45f55c14b15b28f67a06484962360ae793
application/samples/Tut_Mars_B_Plane_Targeting.script,bundled,completed,"Completed; this is a lifecycle result, not scientific validation",native,14.05,f334cf650aaa435f132de1d8e7823333378a0d40cd179e0bb0e3143af4ff3178
application/samples/Tut_Orbit_Estimation_using_DSN_Range_and_Doppler_Data.script,bundled,completed,"Completed; this is a lifecycle result, not scientific validation",native,79.53,1b42dd76b4964717b6b5fa1b8e3d24e4dbc0192b754a71319092e5ea23856900
application/samples/Tut_SimpleOrbitTransfer.script,bundled,completed,"Completed; this is a lifecycle result, not scientific validation",native,5.48,c12811942255832ce30a5e6224067760c59a86695969f71f692d281db835c485
application/samples/Tut_Simulate_DSN_Range_and_Doppler_Data.script,bundled,completed,"Completed; this is a lifecycle result, not scientific validation",native,1.32,15ef759430a2c78b2d3609588a4380ae83971e425293a8a7d28b574d19229328
application/samples/Tut_Simulate_DSN_Range_and_Doppler_Data_3_weeks.script,bundled,completed,"Completed; this is a lifecycle result, not scientific validation",native,59.79,e0d3de45456bba7c8ad22f76c44bbbecc495a8bcc8fed8861af25bfe65940f98
application/samples/Tut_SimulatingAnOrbit.script,bundled,completed,"Completed; this is a lifecycle result, not scientific validation",native,3.47,74e58a4bf113c2465fc077937f385d550f011892be4199cbbb03a62c81349d24
application/samples/Tut_Target_Finite_Burn_to_Raise_Apogee.script,bundled,completed,"Completed; this is a lifecycle result, not scientific validation",native,6.18,6bab56e5fb2068331e8e2c497d74711551d01266989a922fe03b2613e3624fcb
application/samples/Tut_UsingGMATFunctions.script,bundled,completed,"Completed; this is a lifecycle result, not scientific validation",native,51.81,4d7ec5f61e91c07aa3014b461a48e931a43eb0c8b6d935acc82ac41c2fdc3f2f
application/userincludes/CreateIncludeSatA.script,supplemental,completed,"Completed; this is a lifecycle result, not scientific validation",native,1.17,416acc146797f3e06152fdba097b025f529d75e9020c0a171513978c019d5306
application/userincludes/InitializeNestedIncludeSatB.script,supplemental,build_failed,Support fragment requires objects from its parent mission,native,0.77,79b4451ceb83679ca7f6158c7aa1b4298bc080a0d91da0d874022d10966064b7
doc/DevelopersDocs/UsingCInterface/Scripts/defaultConfig.script,supplemental,build_failed,"Interpreter Exception: Cannot find GmatFunction file ""PrepareMissionSequence.gmf"" referenced in the caller of ""PrepareMissionSequence""",native,0.92,8b9904c0e1ea02c1b3a97088e25e9e170e868718057729f4971ee080d2d74628
doc/SystemDocs/ArchitecturalSpecification/script/BasicFunction.script,supplemental,build_failed,"Interpreter Exception: Setting ""dr"" to ""SatSep(Sat1, Sat2)"" is not allowed before BeginMissionSequence in line:",native,0.97,5ca8266710c06ee9b201ceb0725ee70456b6f8465d007e47fb836b69fdc9dbca
doc/SystemDocs/ArchitecturalSpecification/script/BasicScript.script,supplemental,completed,"Completed; this is a lifecycle result, not scientific validation",native,5.23,fd83879f711eea03dfc149816c2b019400226e9584eaf29e6d5e86bece4aea7d
doc/SystemDocs/ArchitecturalSpecification/script/Ex_Cart2KepMathTest.script,supplemental,build_failed,"ODEModel Exception Thrown: The file name ""./files/gravity/earth/JGM2.cof"" does not exist in line:",native,0.92,c7b2e49e9f2323a24473e6ad83e34c466c6736b51635e532ac9326ba61694e06
doc/SystemDocs/ArchitecturalSpecification/script/FunctionExample.script,supplemental,build_failed,"Interpreter Exception: Setting ""x"" to ""Sat.X"" is not allowed before BeginMissionSequence in line:",native,0.87,7992f64cfb2fa43171c695a164003a4cf19b6e2309e87503cd07f189a4569198
doc/SystemDocs/ArchitecturalSpecification/script/FunctionSample.script,supplemental,build_failed,Unavailable MATLAB integration; historical example may need other updates,native,0.92,d606605fd9cd0245b476f76630d39f4c6d4e58029e0200d12b91cb895cc30d17
doc/SystemDocs/ArchitecturalSpecification/script/GlobalSample.script,supplemental,mission_failed,Historical RaiseApogee.gmf output-argument mismatch,native,2.37,9e8ad3e4d9826791995ccb98451bd8089fcb7db069d98b758c004f0eb3852f41
doc/SystemDocs/ArchitecturalSpecification/script/MMSFunctionExample.script,supplemental,build_failed,"SpaceObject Exception Thrown: The parameter ""TotalMass"" is a calculated parameter and cannot be set on the spacecraft MMS1 in line:",native,0.77,046360b901667a2c4ed4999a172e7bde650dd53ef0b923b1ad9712b245e4ffcb
doc/SystemDocs/ComponentDesigns/SensorAccess/source/scripts/R2020a_BasicSensors.script,supplemental,mission_failed,ConicalFov on ground-station antenna rejected; requires CustomFOV,native,2.72,2f2755d2c3801be1dca798287bffb57d733948eef85079a342adca547bd3bb9c
doc/SystemDocs/EstimationSpecification/PrelimOD/BatchLeastSquares.script,supplemental,build_failed,"Interpreter Exception: Cannot create an object ""BLSE"". The ""BatchLeastSquares"" is an unknown object type or invalid object name or dimension in line:",native,0.77,6465a4cde819386f658671fa6b1abab8f7a891e681efc11effe9029cc1ce6ecd
doc/SystemDocs/EstimationSpecification/PrelimOD/ExtendedKalmanFilter.script,supplemental,build_failed,"Utility Exception: RHS of ""="" not found in the assignment block in line:",native,0.77,7f82c9de82e319763fa25ca4c1eda98a581819b2456b175e8c3b80ad4b510d6f
doc/SystemDocs/EstimationSpecification/PrelimOD/GSMeasurement.script,supplemental,build_failed,"Interpreter Exception: Cannot create an object ""CanberraB3"". The ""MeasurementModel"" is an unknown object type or invalid object name or dimension in line:",native,0.82,7183ddb805779829c43d49a0cac9f8d725561d014f976596606accb81929072b
doc/SystemDocs/Tools/source/API/source/userguide/examples/ToLuna.script,supplemental,completed,"Completed; this is a lifecycle result, not scientific validation",native,2.92,9f65716d7d57469358fda7a5b882a9f03de6abb422676e475081daaa4c926a49
doc/help/src/files/scripts/Ex_AlgebraicOptimization.script,supplemental,build_failed,Unavailable VF13ad optimizer,native,0.82,4c4efcdfe3a8177f7cb67f28834b6fa6fa8e91a0e56a87bd4d0f017bd009ccc6
doc/help/src/files/scripts/Ex_LowEarthMinFuelTransfer.script,supplemental,build_failed,CoordinateSystem exception: Modifications to built-in coordinate system EarthMJ2000Eq are not allowed.,native,0.82,9473d6ae742f827ef4d235a0521edcf688b549c4bcc74d835d332778bdc1dc72
doc/help/src/files/scripts/Ex_MinFuelLunarCapture.script,supplemental,build_failed,"GmatBase Exception Thrown: Cannot set real parameter with ID 3: ""Epoch"" on ObjectReferenced named """" in line:",native,0.77,e639f4ae835157a79fcd032f79dcf20cec862a552d56b00fb3f4cd888cba946b
doc/help/src/files/scripts/ForceModelsTutorial.script,supplemental,build_failed,"Utility Exception: Error finding relative path for file ""./output/SampleMissions/Ex_ForceModels.report"" - specified path does not exist.",native,0.77,b9df7599e81c3e946e1f9445bb40948ac082d1102a73bf27ec92de3becf5f265
doc/help/src/files/scripts/FormationRendezvousTutorial.script,supplemental,build_failed,CoordinateSystem exception: Modifications to built-in coordinate system EarthMJ2000Eq are not allowed.,startup-retry,0.92,e070a6e169cd03e092bc27a5876291ebb1ad681ee1798f53669662d5883d89a4
doc/help/src/files/scripts/LEOStationKeepingTutorial.script,supplemental,completed,"Completed; this is a lifecycle result, not scientific validation",startup-retry,25.27,3eedf44147abff0f94ebd06397f66a2f4606a0ca786a6b014e4d85016de7d9f3
doc/help/src/files/scripts/LunarTransferToL2-tutorial.script,supplemental,build_failed,CoordinateSystem exception: Modifications to built-in coordinate system EarthMJ2000Eq are not allowed.,startup-retry,0.97,d99c57b6bb8833b32e07370c413fe14757a82f9ec4e8bd044ec48ea9b391b3c3
doc/help/src/files/scripts/LunarTransferTutorial.script,supplemental,build_failed,CoordinateSystem exception: Modifications to built-in coordinate system EarthMJ2000Eq are not allowed.,startup-retry,0.97,e070a6e169cd03e092bc27a5876291ebb1ad681ee1798f53669662d5883d89a4
doc/help/src/files/scripts/MarsBPlaneTutorial.script,supplemental,build_failed,"GmatBase Exception Thrown: Cannot set real parameter with ID 4: ""UpdateInterval"" on CoordinateSystem named ""MarsMJ2000Eq"" in line:",startup-retry,1.02,cdfa1f34eb2b9221a510338515ec0ebd3f932de3c5e4a678daa59ed67e0098da
doc/help/src/files/scripts/ReportTutorial.script,supplemental,build_failed,"Interpreter Exception: Setting ""stringVar"" to ""stringVar"" is not allowed before BeginMissionSequence in line:",startup-retry,0.97,2ed3b3e11eca4db7c74757faff0175e4c08741bb9ddc1bef4600afe6889857cf
doc/help/src/files/scripts/Tut_HohmannTransfer.script,supplemental,completed,"Completed; this is a lifecycle result, not scientific validation",native,4.92,a138401580abbb78857561b470938220a2d55612ae0026f5a5d82eb46310398e
doc/help/src/files/scripts/Tut_Mars_B_Plane_Targeting.script,supplemental,completed,"Completed; this is a lifecycle result, not scientific validation",native,8.43,ca36eb25476a0df14f174045ce1baa31335b344a306ca6da4e6a935aeedc2bed
doc/help/src/files/scripts/Tut_MultipleShootingTutorial_Step1.script,supplemental,build_failed,Unavailable VF13ad optimizer,native,0.82,e4d75e3162e9a77a36a45a3a1fb038015ac6c4aea87eafa9292deb4d44c8cf95
doc/help/src/files/scripts/Tut_MultipleShootingTutorial_Step2.script,supplemental,build_failed,Unavailable VF13ad optimizer,native,0.87,4d162397a2bbd7ede2c557a76e5e149ef57e774d2f068448b452507000534968
doc/help/src/files/scripts/Tut_MultipleShootingTutorial_Step3.script,supplemental,build_failed,Unavailable VF13ad optimizer,native,0.92,c3c3fadd8401ae4635ddd9f2b0c9cee8cfd07e561e99813674091622673482c9
doc/help/src/files/scripts/Tut_MultipleShootingTutorial_Step4.script,supplemental,build_failed,Unavailable VF13ad optimizer,native,0.92,b52ff0efd87f3844e3f75f34100c33c812d31a1e9f60c422065e1254e0ebd9c4
doc/help/src/files/scripts/Tut_MultipleShootingTutorial_Step5.script,supplemental,build_failed,Unavailable VF13ad optimizer,native,0.92,907b8e52bf2b1c05dfeea194e86e0027db7648cc26b77aff162b660db813e5c5
doc/help/src/files/scripts/Tut_Target_Finite_Burn_to_Raise_Apogee.script,supplemental,completed,"Completed; this is a lifecycle result, not scientific validation",native,5.23,b8a810b64434943d2029805daa5dfc6d1210b60467693ef246c383b364e6591f
doc/help/src/files/scripts/Tut_UsingGMATFunctions.script,supplemental,completed,"Completed; this is a lifecycle result, not scientific validation",native,10.74,60df6ba3e6ad59ad362a3a6ba4fad54a7896ed6d2353feca7d0851d5ee78de3b
plugins/CInterfacePlugin/matlab/GmatConfig.script,supplemental,completed,"Completed; this is a lifecycle result, not scientific validation",native,1.42,a7d9be5c5eeeabeccb5d5f9a5806dbaf9d48bd91da93aec17c97460cb998ec21
plugins/TLEPropagatorPlugin/samples/NeedTlePropagator/FalconSats.script,supplemental,build_failed,Historical example uses TLE type; installed factory registers SPICESGP4,native,0.92,90f3d600870ad09d944f57e6da5f9069f830c7fe1f41ff9ff7ced381dfd85098
plugins/TLEPropagatorPlugin/samples/NeedTlePropagator/Falconsat7Contacts.script,supplemental,build_failed,Historical example uses TLE type; installed factory registers SPICESGP4,native,0.92,b7e13271cdf77820006f59487e67913ed09aa512a34b4ef05fb20ab00da72b95
plugins/TLEPropagatorPlugin/samples/NeedTlePropagator/Falconsat7Jupe.script,supplemental,build_failed,Historical example uses TLE type; installed factory registers SPICESGP4,native,0.92,32659bc0c0932619ef56407e6ce7b8a90ad4be72559ed0fb91054c7458d58948
plugins/TLEPropagatorPlugin/samples/NeedTlePropagator/GSFCSats.script,supplemental,build_failed,Historical example uses TLE type; installed factory registers SPICESGP4,native,0.87,488796b4e0173c96e80b2c1b0dc87e1b3fe6f00a9c13389231900d47cf3f0122
plugins/TLEPropagatorPlugin/samples/NeedTlePropagator/PropLightsail2.script,supplemental,build_failed,Historical example uses TLE type; installed factory registers SPICESGP4,native,0.87,b4dfb33b530cb5fbe774a8bcbf4ba54159ce4c4172d157097c96a8705e6406ea
plugins/TLEPropagatorPlugin/samples/NeedTlePropagator/Starlink.script,supplemental,build_failed,Historical example uses TLE type; installed factory registers SPICESGP4,native,1.02,227f0adc6a04b11e8cde5ff837416a3cf7a3dc564a92fd6999bdd8158d4b934b
plugins/TLEPropagatorPlugin/test/TLE/BasicPropagation.script,supplemental,build_failed,Historical example uses TLE type; installed factory registers SPICESGP4,native,0.92,7377daecac3a3de51c7c20bc5c4e0c285b1b2e87554dc72e0666477d76cccc06
plugins/TLEPropagatorPlugin/test/scripts/BasicPropagation.script,supplemental,build_failed,Historical example uses TLE type; installed factory registers SPICESGP4,native,0.87,f32a0c42e5b1c3d8b68ece27c43033f8c4b06ce07de24356881cfb13d68d8fba
plugins/TLEPropagatorPlugin/test/scripts/MMS1Propagation.script,supplemental,build_failed,Historical example uses TLE type; installed factory registers SPICESGP4,native,0.92,dd775c05aaafc9e29b2c7420cc3bdefc4c1e0410b444132a0d633cbc707728c7
plugins/TLEPropagatorPlugin/test/scripts/TdrsPropagation.script,supplemental,build_failed,Historical example uses TLE type; installed factory registers SPICESGP4,native,0.87,d85c7ff03a8d009a7831e282080b9f11b3447ce298623ae16fb5c4684d8de4d4
plugins/TLEPropagatorPlugin/test/scripts/TerraPropagation.script,supplemental,build_failed,Historical example uses TLE type; installed factory registers SPICESGP4,native,0.92,180c85476f28c99e98b28ccdf557762a6e1796021fe9eadbfcd9998e62bd712a
prototype/Auto-NGC/ConfigurationFiles/GMAT_Objects_3DViews.script,supplemental,build_failed,"Interpreter Exception: Nonexistent SpacePoint ""truthSat"" referenced in the OrbitView ""InertialView""",native,0.97,cedd134c023bb941352fb15238561a464e1f95555489641438d2e932c3349b56
prototype/Auto-NGC/ConfigurationFiles/GMAT_Objects_Propagators.script,supplemental,completed,"Completed; this is a lifecycle result, not scientific validation",native,1.42,fd2a49caab57cf82546ce4d4a9c39ddfd3ab205b219b5d0465590fb10204ad58
prototype/Auto-NGC/ConfigurationFiles/GMAT_Objects_ReportFiles.script,supplemental,build_failed,"Utility Exception: Error finding relative path for file ""../OutputFiles/reportEstimatedStateData.txt"" - specified path does not exist.",native,0.97,c5780688a62d8e9e1be329c848e306fb41dde038edc333bd92cc5e45c4171a0c
prototype/Auto-NGC/ConfigurationFiles/GMAT_Objects_Spacecraft.script,supplemental,completed,"Completed; this is a lifecycle result, not scientific validation",native,1.47,d0117365cd8548fa043bb3d431fe167a0eb3ca41e298fb4750eb24665f02b60c
prototype/Auto-NGC/DriverScripts/Driver_RealTimeSimulator.script,supplemental,build_failed,"Interpreter Exception: LHS object ""dummySat.Epoch.UTCGregorian"" in Assignment is invalid or undefined in line:",native,0.92,3c8dcfb0fe077672b3a4974f5cb1d51e0fdadd95904f3a09ab9665cd7496063f
prototype/CSALTMatlab/TestProblems/AutoNGC/LunarOrbiterStationKeeping/AutoNGCLOSK_GMAT_CheckPropagation.script,supplemental,completed,"Completed; this is a lifecycle result, not scientific validation",native,2.92,3873e82b590f53c638672c246967dea4f3d9a2af2b2e8cbc2ea3e73172677c02
prototype/CSALTMatlab/TestProblems/LISA/LISA_Sean/LISA_GMATproptest_CSALTMatlabSoln.script,supplemental,build_failed,Unavailable optional optimal-control factories; inspect log for all requirements,native,0.97,6c6461592b51424af467e81f914a3bb3838aa5d33dd2566ed18090b9221c3967
prototype/GroundTrackPlot/GroundTrack_Earth_GEO.script,supplemental,completed,"Completed; this is a lifecycle result, not scientific validation",native,2.52,3ef506fa27d7bbb169e495175122ba44b6b0405c44c5a5514a432f96e0b458ac
prototype/GroundTrackPlot/GroundTrack_Earth_LEO_Prograde.script,supplemental,completed,"Completed; this is a lifecycle result, not scientific validation",native,2.47,a34e7284ac633b0294ad9415d1a46902d4a9cf168320ade40c14140c03628698
prototype/GroundTrackPlot/GroundTrack_Earth_LEO_Retrograde.script,supplemental,completed,"Completed; this is a lifecycle result, not scientific validation",native,2.47,b7c26022f60135e48882696d1f85e98dd7ae3b2f78a84c4c593c3e0bd3462899
prototype/OptimalControl/LowThrust/TestProblems/FiniteBurnHohmannTransfer/GMATFiniteHohmannTestScript.script,supplemental,build_failed,Unavailable VF13ad optimizer,native,0.92,19e9d8672fbb600bb172e2aee3f98376e033423f2c6f854d94d4481c0d22d1ed
prototype/OptimalControl/LowThrust/TestProblems/LowThrustModelling/SolarEndToEndExample.script,supplemental,build_failed,"Burn Exception Thrown: The value of ""MaximumPowerUsage"" for field ""ThrottleLogicAlgorithm"" on object ""aFiniteBurn"" is not an allowed value.",native,0.97,87b5825b1b5c2fd296bd727860d13c02be5f482c36e0bca0e1533bed23fefc51
